City_ID,City,Lat,Lng,Max Temp,Humidity,Cloudiness,Wind Speed,Country,Date
0,puerto ayacucho,5.6639,-67.6236,91.81,55,76,3.33,VE,2023-10-06 12:52:39
1,airuk,7.2772,168.8203,82.74,79,100,15.48,MH,2023-10-06 12:52:39
2,mashhad,36.297,59.6062,57.34,67,40,6.91,IR,2023-10-06 12:52:39
3,ushuaia,-54.8,-68.3,44.22,56,0,8.01,AR,2023-10-06 12:52:40
4,tamanrasset,22.785,5.5228,85.91,16,40,5.75,DZ,2023-10-06 12:52:40
5,sakaiminato,35.55,133.2333,60.78,88,75,5.75,JP,2023-10-06 12:48:31
6,port-aux-francais,-49.35,70.2167,35.47,67,35,33.24,TF,2023-10-06 12:52:40
7,pisco,-13.7,-76.2167,69.03,77,20,9.22,PE,2023-10-06 12:49:14
8,hermanus,-34.4187,19.2345,59.23,93,100,19.35,ZA,2023-10-06 12:52:40
9,waitangi,-43.9535,-176.5597,50.83,90,62,5.99,NZ,2023-10-06 12:52:41
10,hilo,19.7297,-155.09,80.28,78,100,5.75,US,2023-10-06 12:52:41
11,san patricio,28.017,-97.5169,81.88,60,96,13.56,US,2023-10-06 12:52:41
12,papatowai,-46.5619,169.4708,42.8,75,36,11.7,NZ,2023-10-06 12:52:41
13,tongren,27.7172,109.1853,57.27,91,100,6.33,CN,2023-10-06 12:52:41
14,punta arenas,-53.15,-70.9167,44.71,61,75,28.77,CL,2023-10-06 12:51:27
15,hobyo,5.3505,48.5268,80.08,81,50,18.45,SO,2023-10-06 12:52:42
16,detroit lakes,46.8172,-95.8453,48.85,81,100,18.41,US,2023-10-06 12:49:22
17,mossel bay,-34.1831,22.146,62.53,94,100,21.45,ZA,2023-10-06 12:52:42
18,fomboni,-12.28,43.7425,78.76,77,2,7.23,KM,2023-10-06 12:52:42
19,fisterra,42.9049,-9.2629,79.75,70,48,8.5,ES,2023-10-06 12:52:42
20,edinburgh of the seven seas,-37.0676,-12.3116,52.95,71,79,14.81,SH,2023-10-06 12:52:42
21,uturoa,-16.7333,-151.4333,78.66,78,100,23.06,PF,2023-10-06 12:52:43
22,komarichi,52.4151,34.7905,44.44,45,10,15.68,RU,2023-10-06 12:52:43
23,atafu village,-8.5421,-172.5159,82.98,77,73,10.18,TK,2023-10-06 12:52:43
24,grytviken,-54.2811,-36.5092,36.82,99,100,5.48,GS,2023-10-06 12:52:43
25,adamstown,-25.066,-130.1015,68.67,78,31,14.56,PN,2023-10-06 12:48:59
26,fort st. john,56.2499,-120.8529,55.29,67,75,14.97,CA,2023-10-06 12:50:31
27,udachny,66.4167,112.4,28.45,86,100,11.99,RU,2023-10-06 12:52:43
28,port mathurin,-19.6833,63.4167,73.72,75,20,20.24,MU,2023-10-06 12:52:44
29,hithadhoo,-0.6,73.0833,82.09,74,42,8.23,MV,2023-10-06 12:52:44
30,mokhsogollokh,61.4681,128.9203,29.52,64,98,3.33,RU,2023-10-06 12:52:44
31,petropavlovsk-kamchatsky,53.0452,158.6483,45.45,84,75,8.99,RU,2023-10-06 12:52:44
32,margaret river,-33.95,115.0667,59.97,78,71,6.62,AU,2023-10-06 12:52:44
33,queenstown,-31.8976,26.8753,65.53,81,79,11.63,ZA,2023-10-06 12:52:44
34,kashgar,39.4547,75.9797,70.81,23,75,6.71,CN,2023-10-06 12:52:44
35,talnakh,69.4865,88.3972,34.21,98,100,17.9,RU,2023-10-06 12:52:44
36,yellowknife,62.456,-114.3525,37.42,94,100,14.97,CA,2023-10-06 12:49:04
37,manuguru,17.981,80.7547,75.83,81,94,3.65,IN,2023-10-06 12:50:52
38,invercargill,-46.4,168.35,45.01,74,83,5.99,NZ,2023-10-06 12:50:43
39,evanston,42.0411,-87.6901,61.11,52,75,13.8,US,2023-10-06 12:44:54
40,chahuites,16.2833,-94.1833,89.58,60,58,5.19,MX,2023-10-06 12:52:45
41,parksville,49.3163,-124.3195,59.7,68,8,9.22,CA,2023-10-06 12:52:45
42,berbera,10.4396,45.0143,87.53,65,4,5.14,SO,2023-10-06 12:52:45
43,southside,33.9245,-86.0225,73.22,96,100,3.44,US,2023-10-06 12:52:45
44,polyarnyy,69.1989,33.4478,33.98,83,71,11.92,RU,2023-10-06 12:52:46
45,balaklava,44.5,33.6,65.98,49,16,12.75,UA,2023-10-06 12:52:46
46,ust-nera,64.5667,143.2,28.22,96,100,4.0,RU,2023-10-06 12:52:46
47,juneau,58.3019,-134.4197,53.6,98,100,13.8,US,2023-10-06 12:48:07
48,rio brilhante,-21.8019,-54.5464,105.24,20,5,14.41,BR,2023-10-06 12:52:46
49,puerto natales,-51.7236,-72.4875,48.65,46,40,33.38,CL,2023-10-06 12:49:04
50,iqaluit,63.7506,-68.5145,38.93,69,75,10.36,CA,2023-10-06 12:52:46
51,saint-philippe,-21.3585,55.7679,72.99,78,53,10.49,RE,2023-10-06 12:52:47
52,flagstaff,35.1981,-111.6513,73.6,30,0,8.05,US,2023-10-06 12:50:53
53,klyuchi,52.2667,79.1667,52.16,62,62,5.88,RU,2023-10-06 12:52:47
54,morehead city,34.7229,-76.726,82.4,72,0,6.91,US,2023-10-06 12:52:47
55,carnarvon,-24.8667,113.6333,68.47,79,0,13.58,AU,2023-10-06 12:52:47
56,stanley,54.868,-1.6985,62.76,89,75,14.97,GB,2023-10-06 12:49:05
57,antigonish,45.6169,-61.9986,75.15,73,38,4.0,CA,2023-10-06 12:52:47
58,blackmans bay,-43.0167,147.3167,41.52,86,21,7.78,AU,2023-10-06 12:52:47
59,college,64.8569,-147.8028,32.07,92,100,8.05,US,2023-10-06 12:49:15
60,taoudenni,22.6783,-3.9836,104.72,9,30,3.47,ML,2023-10-06 12:52:48
61,bridgeport,41.167,-73.2048,75.09,85,100,9.22,US,2023-10-06 12:52:48
62,bethel,41.3712,-73.414,69.64,88,100,6.91,US,2023-10-06 12:52:48
63,ilulissat,69.2167,-51.1,42.82,56,75,13.8,GL,2023-10-06 12:52:48
64,hanceville,34.0607,-86.7675,71.46,93,100,1.57,US,2023-10-06 12:52:48
65,ancud,-41.8697,-73.8203,49.93,54,19,11.97,CL,2023-10-06 12:52:48
66,lerwick,60.1545,-1.1494,48.2,64,96,23.73,GB,2023-10-06 12:52:49
67,hami,42.8,93.45,66.83,21,1,5.93,CN,2023-10-06 12:52:49
68,port elizabeth,-33.918,25.5701,62.1,98,100,18.41,ZA,2023-10-06 12:52:49
69,oranjemund,-28.55,16.4333,60.31,83,1,8.99,NA,2023-10-06 12:52:49
70,tarnova,46.3167,21.8,62.74,46,7,2.33,RO,2023-10-06 12:52:49
71,eyl,7.9803,49.8164,83.86,70,5,18.34,SO,2023-10-06 12:52:49
72,puerto ayora,-0.7393,-90.3518,85.96,86,46,7.0,EC,2023-10-06 12:52:49
73,atherton,53.5237,-2.4935,67.21,86,100,1.99,GB,2023-10-06 12:52:50
74,peace river,56.2501,-117.286,48.51,66,75,8.05,CA,2023-10-06 12:52:50
75,marsa alam,25.0757,34.8918,84.18,62,1,13.62,EG,2023-10-06 12:48:19
76,pasuquin,18.3328,120.6177,78.49,80,100,5.37,PH,2023-10-06 12:52:50
77,albany,42.6001,-73.9662,72.18,85,100,3.0,US,2023-10-06 12:52:50
78,mount pearl,47.5166,-52.7813,58.44,92,100,4.61,CA,2023-10-06 12:52:50
79,machico,32.7,-16.7667,89.71,76,20,11.5,PT,2023-10-06 12:52:50
80,badger,64.8,-147.5333,31.98,95,75,8.05,US,2023-10-06 12:52:51
81,mhamid,29.82,-5.72,85.93,12,95,16.31,MA,2023-10-06 12:52:51
82,polonnaruwa,7.9333,81.0,79.09,82,81,5.28,LK,2023-10-06 12:52:51
83,taltal,-25.4,-70.4833,61.27,65,46,7.14,CL,2023-10-06 12:52:51
84,touros,-5.1989,-35.4608,84.61,65,99,16.62,BR,2023-10-06 12:52:51
85,dul'durga,50.6761,113.5931,46.27,75,100,4.47,RU,2023-10-06 12:52:52
86,mantua,45.1667,10.7833,77.99,70,45,4.61,IT,2023-10-06 12:52:52
87,mount gambier,-37.8333,140.7667,47.35,72,53,4.94,AU,2023-10-06 12:48:27
88,axim,4.8699,-2.2405,80.02,81,97,9.1,GH,2023-10-06 12:52:52
89,ertil',51.8406,40.8056,49.86,62,62,14.29,RU,2023-10-06 12:52:52
90,celestun,20.8667,-90.4,88.61,63,12,6.42,MX,2023-10-06 12:52:52
91,port blair,11.6667,92.75,77.04,94,100,2.3,IN,2023-10-06 12:52:53
92,lepsy,46.235,78.9456,63.1,46,100,11.27,KZ,2023-10-06 12:52:53
93,richards bay,-28.783,32.0377,71.69,82,4,15.28,ZA,2023-10-06 12:52:53
94,namdrik,5.5994,168.1028,83.28,74,83,3.71,MH,2023-10-06 12:52:53
95,lebu,-37.6167,-73.65,52.03,84,83,7.85,CL,2023-10-06 12:49:05
96,kayyerkan,69.3786,87.7439,34.3,100,100,24.36,RU,2023-10-06 12:52:53
97,nova sintra,14.8667,-24.7167,75.36,74,81,3.58,CV,2023-10-06 12:52:54
98,mohr,54.3528,9.7167,60.96,97,75,26.46,DE,2023-10-06 12:52:54
99,bardai,11.65,7.2333,82.62,47,46,8.14,NG,2023-10-06 12:52:54
100,tanjung pinang,0.9167,104.45,82.44,77,31,8.66,ID,2023-10-06 12:52:54
101,nuuk,64.1835,-51.7216,38.01,100,100,65.59,GL,2023-10-06 12:49:50
102,storm lake,42.6411,-95.2097,46.44,65,0,24.16,US,2023-10-06 12:52:55
103,kholmsk,47.0511,142.0569,48.7,78,100,14.38,RU,2023-10-06 12:52:55
104,west island,-12.1568,96.8225,78.78,83,40,8.05,CC,2023-10-06 12:52:55
105,itaituba,-4.2761,-55.9836,95.16,59,40,4.54,BR,2023-10-06 12:52:55
106,visakhapatnam,17.69,83.2093,82.29,94,20,2.3,IN,2023-10-06 12:52:55
107,kanniyakumari,8.0833,77.5667,80.4,87,89,14.03,IN,2023-10-06 12:52:55
108,isafjordur,66.0755,-23.124,41.04,60,75,3.44,IS,2023-10-06 12:52:55
109,luderitz,-26.6481,15.1594,61.54,69,0,19.75,NA,2023-10-06 12:49:35
110,hammerfest,70.6634,23.6821,34.25,93,75,1.14,NO,2023-10-06 12:52:56
111,hawaiian paradise park,19.5933,-154.9731,72.03,83,100,5.75,US,2023-10-06 12:52:56
112,mogadishu,2.0371,45.3438,80.02,83,20,14.63,SO,2023-10-06 12:52:56
113,byron bay,-28.65,153.6167,58.71,74,48,9.57,AU,2023-10-06 12:51:46
114,tindouf,27.6711,-8.1474,93.65,16,96,14.97,DZ,2023-10-06 12:52:56
115,jamestown,42.097,-79.2353,69.03,79,75,5.99,US,2023-10-06 12:52:21
116,ribeira grande,38.5167,-28.7,72.0,64,20,20.71,PT,2023-10-06 12:52:57
117,burang,30.25,81.1667,44.19,78,36,4.88,CN,2023-10-06 12:52:57
118,barah,13.7,30.3667,95.67,23,50,6.55,SD,2023-10-06 12:52:57
119,arraial do cabo,-22.9661,-42.0278,82.36,74,40,10.36,BR,2023-10-06 12:50:25
120,meadow lake,34.8014,-106.5436,74.14,43,18,7.2,US,2023-10-06 12:52:58
121,fredonia,42.4401,-79.3317,71.06,71,40,10.36,US,2023-10-06 12:52:58
122,nouadhibou,20.931,-17.0347,72.64,78,5,14.52,MR,2023-10-06 12:52:58
123,bredasdorp,-34.5322,20.0403,58.5,96,100,15.73,ZA,2023-10-06 12:52:58
124,raja,8.4596,25.678,81.9,64,45,2.3,SS,2023-10-06 12:52:58
125,wailua homesteads,22.0669,-159.378,77.43,94,100,4.61,US,2023-10-06 12:49:14
126,seven pagodas,12.6264,80.1722,84.25,80,70,7.52,IN,2023-10-06 12:52:59
127,iskateley,67.6803,53.1512,39.02,78,22,21.0,RU,2023-10-06 12:52:59
128,hakha,22.65,93.6167,59.54,99,100,2.3,MM,2023-10-06 12:52:59
129,key largo,25.0865,-80.4473,87.01,66,44,4.14,US,2023-10-06 12:49:24
130,tiksi,71.6872,128.8694,18.18,92,95,7.4,RU,2023-10-06 12:53:00
131,slavyanka,42.8633,131.3847,48.97,62,5,9.82,RU,2023-10-06 12:53:00
132,christiana,-27.914,25.1611,79.97,6,11,11.16,ZA,2023-10-06 12:53:00
133,rio grande,-32.035,-52.0986,80.71,71,49,8.95,BR,2023-10-06 12:53:00
134,tofol,5.3248,163.0078,80.29,87,100,25.19,FM,2023-10-06 12:53:00
135,codrington,-38.2667,141.9667,48.33,72,72,3.89,AU,2023-10-06 12:53:00
136,roma,43.2128,-75.4557,73.81,81,100,9.22,US,2023-10-06 12:53:01
137,biltine,14.5333,20.9167,97.2,18,98,5.75,TD,2023-10-06 12:53:01
138,nadi,-17.8,177.4167,64.4,77,20,5.75,FJ,2023-10-06 12:50:23
139,bemidji,47.4736,-94.8803,46.06,83,100,17.27,US,2023-10-06 12:49:47
140,howard springs,-12.497,131.047,82.31,79,58,3.8,AU,2023-10-06 12:53:01
141,vilyuysk,63.7553,121.6247,30.0,98,99,5.99,RU,2023-10-06 12:53:01
142,kolonia,50.9333,6.95,66.25,64,0,3.44,DE,2023-10-06 12:50:22
143,fortuna,40.5982,-124.1573,71.92,66,0,3.44,US,2023-10-06 12:53:02
144,bubaque,11.2833,-15.8333,81.46,79,95,9.48,GW,2023-10-06 12:53:02
145,santa rosa,14.3122,121.1114,81.1,94,100,2.95,PH,2023-10-06 12:50:02
146,longyearbyen,78.2186,15.6401,30.04,80,100,11.5,SJ,2023-10-06 12:53:03
147,mirny,62.5353,113.9611,39.24,100,100,15.99,RU,2023-10-06 12:50:24
148,cabo san lucas,22.8909,-109.9124,83.5,78,100,5.95,MX,2023-10-06 12:49:18
149,ta`u,-14.2336,-169.5144,75.94,72,43,16.98,AS,2023-10-06 12:50:16
150,lihue,21.9789,-159.3672,78.04,94,100,4.61,US,2023-10-06 12:52:31
151,brisas barra de suchiate,14.55,-92.2167,89.78,74,51,12.62,MX,2023-10-06 12:53:04
152,magong,23.5654,119.5863,78.8,89,100,19.1,TW,2023-10-06 12:53:04
153,sisimiut,66.9395,-53.6735,39.07,80,100,31.41,GL,2023-10-06 12:53:04
154,nikolayevsk-on-amure,53.1406,140.73,39.7,95,100,3.87,RU,2023-10-06 12:53:04
155,tsiombe,-25.3,45.4833,70.18,83,0,5.73,MG,2023-10-06 12:49:00
156,tidjikja,18.5564,-11.4271,101.48,11,13,3.47,MR,2023-10-06 12:53:05
157,el granada,37.5027,-122.4694,83.89,59,0,3.44,US,2023-10-06 12:48:58
158,westport,41.1415,-73.3579,75.24,89,100,9.22,US,2023-10-06 12:49:57
159,sao joao da barra,-21.6403,-41.0511,87.89,83,63,17.0,BR,2023-10-06 12:53:05
160,puerto carreno,6.189,-67.4859,91.38,62,20,8.05,CO,2023-10-06 12:53:06
161,dunedin,-45.8742,170.5036,45.81,70,31,14.0,NZ,2023-10-06 12:53:06
162,petawawa,45.9001,-77.3328,68.79,67,76,3.0,CA,2023-10-06 12:53:06
163,whitehorse,60.7161,-135.0538,48.97,76,20,20.71,CA,2023-10-06 12:52:55
164,buala,-8.145,159.5921,78.78,85,100,6.87,SB,2023-10-06 12:53:07
165,barcelos,41.5388,-8.6151,90.91,41,85,4.59,PT,2023-10-06 12:53:07
166,georgetown,5.4112,100.3354,84.13,85,20,7.0,MY,2023-10-06 12:48:59
167,kasongo-lunda,-6.4667,16.8167,78.98,66,93,1.16,CD,2023-10-06 12:53:07
168,salinas,36.6777,-121.6555,82.29,46,0,11.5,US,2023-10-06 12:49:16
169,tadine,-21.55,167.8833,68.49,71,100,7.67,NC,2023-10-06 12:53:08
170,lorengau,-2.0226,147.2712,79.2,85,100,5.21,PG,2023-10-06 12:53:08
171,sinabang,2.4803,96.3801,78.98,82,98,5.93,ID,2023-10-06 12:50:00
172,tambacounda,13.7539,-13.7586,94.01,50,75,6.69,SN,2023-10-06 12:53:08
173,al ghayzah,16.2079,52.176,82.42,77,66,7.43,YE,2023-10-06 12:53:08
174,kapuskasing,49.4169,-82.4331,59.09,55,40,11.5,CA,2023-10-06 12:49:23
175,corsicana,32.0954,-96.4689,81.68,59,0,6.91,US,2023-10-06 12:53:09
176,kuta,-8.7233,115.1723,78.75,94,20,5.99,ID,2023-10-06 12:51:28
177,zorritos,-3.6805,-80.6782,88.09,64,94,11.48,PE,2023-10-06 12:53:09
178,ola,59.5833,151.2833,42.42,81,100,3.49,RU,2023-10-06 12:53:10
179,valparaiso,-33.0393,-71.6273,63.0,61,40,9.22,CL,2023-10-06 12:53:10
180,katsuren-haebaru,26.3369,127.8719,80.98,69,100,5.75,JP,2023-10-06 12:53:10
181,homer,59.6425,-151.5483,51.69,74,100,5.99,US,2023-10-06 12:53:10
182,giado,31.9582,12.0203,72.7,45,0,10.98,LY,2023-10-06 12:53:10
183,sao felix do xingu,-6.6447,-51.995,99.07,30,37,3.06,BR,2023-10-06 12:53:11
184,nelson bay,-32.7167,152.15,61.11,64,91,13.0,AU,2023-10-06 12:50:09
185,kas,36.2018,29.6377,74.59,64,11,7.2,TR,2023-10-06 12:53:11
186,ar ruways,24.1103,52.7306,88.99,61,0,18.77,AE,2023-10-06 12:53:11
187,luanda,-8.8368,13.2343,78.8,78,40,10.36,AO,2023-10-06 12:48:49
188,olonkinbyen,70.9221,-8.7187,33.87,63,12,17.22,SJ,2023-10-06 12:53:12
189,fond parisien,18.5058,-71.9767,89.56,52,39,4.07,HT,2023-10-06 12:49:27
190,serra talhada,-7.9919,-38.2983,99.41,13,7,10.27,BR,2023-10-06 12:53:02
191,nar'yan-mar,67.6713,53.087,39.11,78,20,21.0,RU,2023-10-06 12:53:13
192,panamaram,11.7404,76.0738,65.77,99,73,1.59,IN,2023-10-06 12:53:13
193,chernyshevskiy,63.0128,112.4714,35.24,93,100,10.8,RU,2023-10-06 12:53:13
194,port lincoln,-34.7333,135.8667,52.92,74,33,14.43,AU,2023-10-06 12:53:14
195,nyurba,63.2842,118.3319,36.03,56,100,5.01,RU,2023-10-06 12:53:14
196,hasaki,35.7333,140.8333,61.29,51,60,12.17,JP,2023-10-06 12:53:14
197,porto san giorgio,43.1827,13.7934,72.59,69,6,5.82,IT,2023-10-06 12:53:14
198,liwale,-9.7667,37.9333,75.78,68,70,6.31,TZ,2023-10-06 12:53:15
199,fortaleza,-3.7227,-38.5247,89.73,51,20,18.41,BR,2023-10-06 12:53:15
200,pont rouge,48.8833,-72.0825,73.69,64,100,14.97,CA,2023-10-06 12:53:15
201,qaqortoq,60.7167,-46.0333,34.54,94,100,5.41,GL,2023-10-06 12:53:15
202,mulayjah,27.271,48.4242,88.12,18,0,8.39,SA,2023-10-06 12:53:15
203,bilibino,68.0546,166.4372,3.38,98,61,3.67,RU,2023-10-06 12:53:16
204,siraha,26.6541,86.2087,75.9,92,40,4.61,NP,2023-10-06 12:53:16
205,coruripe,-10.1256,-36.1756,82.45,67,76,13.67,BR,2023-10-06 12:53:16
206,san antonio de pale,-1.4014,5.6325,78.66,82,75,9.8,GQ,2023-10-06 12:53:16
207,happy valley-goose bay,53.3168,-60.3315,75.51,57,75,5.75,CA,2023-10-06 12:53:17
208,kachug,53.9606,105.8817,45.05,83,85,3.0,RU,2023-10-06 12:53:17
209,ust'-ilimsk,58.0006,102.6619,43.45,85,89,7.0,RU,2023-10-06 12:53:17
210,carutapera,-1.195,-46.02,88.38,52,96,10.85,BR,2023-10-06 12:53:17
211,leh,34.1667,77.5833,52.18,25,46,5.79,IN,2023-10-06 12:53:17
212,greymouth,-42.4667,171.2,50.25,90,68,7.18,NZ,2023-10-06 12:53:18
213,coquimbo,-29.9533,-71.3436,62.33,55,75,9.22,CL,2023-10-06 12:53:18
214,loikaw,19.6742,97.2094,69.01,96,100,2.68,MM,2023-10-06 12:53:18
215,madras,13.0878,80.2785,84.18,86,40,6.91,IN,2023-10-06 12:48:45
216,kendari,-3.945,122.4989,72.39,86,1,2.93,ID,2023-10-06 12:53:19
217,acapulco de juarez,16.8634,-99.8901,87.62,74,75,5.75,MX,2023-10-06 12:52:23
218,borzya,50.3833,116.5167,49.06,43,100,6.93,RU,2023-10-06 12:53:19
219,mejit,10.2753,170.8646,82.54,76,99,16.44,MH,2023-10-06 12:53:19
220,guangyuan,32.442,105.823,59.54,87,100,3.04,CN,2023-10-06 12:53:20
221,bakchar,57.0186,82.0711,50.97,78,100,4.97,RU,2023-10-06 12:53:20
222,porto novo,6.4965,2.6036,84.02,80,40,7.43,BJ,2023-10-06 12:53:20
223,alice springs,-23.7,133.8833,51.35,37,7,6.91,AU,2023-10-06 12:53:20
224,new norfolk,-42.7826,147.0587,42.71,91,71,2.93,AU,2023-10-06 12:53:20
225,narrabri,-30.3167,149.7833,53.53,78,0,3.0,AU,2023-10-06 12:53:21
226,krasnogorskoye,52.2953,86.1979,50.09,89,1,2.28,RU,2023-10-06 12:53:21
227,zhosaly,45.4878,64.0781,62.83,38,87,5.73,KZ,2023-10-06 12:53:21
228,huntington,38.4193,-82.4452,71.38,85,100,6.91,US,2023-10-06 12:53:21
229,tobruk,32.0836,23.9764,73.87,63,8,12.88,LY,2023-10-06 12:53:21
230,kivioli,59.3531,26.9711,46.45,71,97,11.56,EE,2023-10-06 12:53:22
231,praia da vitoria,38.7333,-27.0667,72.75,73,40,11.9,PT,2023-10-06 12:53:22
232,sakakah,29.9697,40.2064,94.57,21,65,9.89,SA,2023-10-06 12:53:22
233,konstantinovskoye,45.2992,42.6367,68.36,33,100,6.38,RU,2023-10-06 12:53:22
234,cartagena,10.3997,-75.5144,89.22,70,20,6.91,CO,2023-10-06 12:53:23
235,seeb,23.6703,58.1891,89.69,51,0,3.44,OM,2023-10-06 12:53:23
236,meulaboh,4.1363,96.1285,77.32,90,100,3.91,ID,2023-10-06 12:53:23
237,bairnsdale,-37.8333,147.6167,42.06,95,34,4.29,AU,2023-10-06 12:53:23
238,gamba,-2.65,10.0,78.06,83,81,8.16,GA,2023-10-06 12:53:24
239,pariaman,-0.619,100.12,77.05,89,86,2.35,ID,2023-10-06 12:53:24
240,charters towers,-20.1,146.2667,68.85,89,89,10.56,AU,2023-10-06 12:53:24
241,kidal,18.4411,1.4078,98.49,13,20,11.36,ML,2023-10-06 12:53:24
242,hailey,43.5196,-114.3153,57.88,68,0,11.5,US,2023-10-06 12:49:56
243,kone,-21.0595,164.8658,64.44,88,10,4.83,NC,2023-10-06 12:53:25
244,arkhangel'sk,64.5401,40.5433,38.12,81,89,5.75,RU,2023-10-06 12:53:25
245,bodo,67.28,14.405,36.95,96,75,3.44,NO,2023-10-06 12:53:25
246,kirakira,-10.4544,161.9205,77.54,88,90,8.93,SB,2023-10-06 12:53:25
247,san juan de miraflores,-12.1629,-76.9635,66.72,77,79,8.77,PE,2023-10-06 12:53:25
248,bamboo flat,11.7,92.7167,77.09,94,100,2.3,IN,2023-10-06 12:49:58
249,yaguajay,22.3272,-79.2378,84.99,71,3,1.72,CU,2023-10-06 12:53:26
250,mil'kovo,55.6078,37.7956,42.35,82,100,18.75,RU,2023-10-06 12:53:26
251,la passe,45.5549,-0.8967,77.23,43,0,6.44,FR,2023-10-06 12:49:20
252,st. john's,47.5649,-52.7093,59.27,93,100,4.61,CA,2023-10-06 12:52:48
253,mahina,-17.5065,-149.489,76.77,65,0,8.05,PF,2023-10-06 12:53:27
254,howrah,22.5892,88.3103,84.2,84,40,0.0,IN,2023-10-06 12:53:27
255,chonchi,-42.6128,-73.8092,51.01,50,53,6.2,CL,2023-10-06 12:53:27
256,enewetak,11.3474,162.3373,83.98,73,100,14.09,MH,2023-10-06 12:48:56
257,thompson,55.7435,-97.8558,41.16,87,75,4.61,CA,2023-10-06 12:53:27
258,ocean city,39.2776,-74.5746,78.82,78,74,6.38,US,2023-10-06 12:48:49
259,akrehamn,59.2667,5.1833,56.41,76,75,26.46,NO,2023-10-06 12:53:28
260,snyder,32.7179,-100.9176,73.99,60,0,0.0,US,2023-10-06 12:53:28
261,eldoret,0.5204,35.2699,68.09,56,75,5.75,KE,2023-10-06 12:53:28
262,nayoro,44.3506,142.4578,48.7,94,100,6.67,JP,2023-10-06 12:53:28
263,motygino,58.1831,94.7592,43.79,95,90,5.01,RU,2023-10-06 12:53:28
264,coyhaique,-45.5752,-72.0662,48.81,49,40,8.05,CL,2023-10-06 12:53:28
265,vorgashor,67.5833,63.95,41.18,89,99,14.27,RU,2023-10-06 12:51:51
266,sitka,57.0531,-135.33,55.29,88,100,8.05,US,2023-10-06 12:53:29
267,padang,-0.9492,100.3543,77.05,90,97,1.52,ID,2023-10-06 12:52:00
268,damghan,36.1683,54.348,62.22,32,0,1.81,IR,2023-10-06 12:53:29
269,tralee,52.2704,-9.7026,64.65,77,20,12.66,IE,2023-10-06 12:50:04
270,fengxiang,47.5833,130.8333,40.24,69,41,8.59,CN,2023-10-06 12:53:29
271,stanthorpe,-28.6667,151.95,49.42,88,25,12.37,AU,2023-10-06 12:53:30
272,raduzhny,62.0961,77.475,43.5,88,99,5.46,RU,2023-10-06 12:53:30
273,utrik,11.2278,169.8474,82.92,72,69,17.34,MH,2023-10-06 12:53:30
274,fort bragg,35.139,-79.006,78.04,94,75,8.05,US,2023-10-06 12:49:42
275,khatra,22.9833,86.85,78.6,85,56,2.84,IN,2023-10-06 12:53:30
276,kayangel,8.0823,134.7173,83.07,79,99,11.41,PW,2023-10-06 12:53:30
277,obo,5.3998,26.4869,76.05,82,55,2.73,CF,2023-10-06 12:53:31
278,farafangana,-22.8167,47.8333,71.33,69,0,10.69,MG,2023-10-06 12:53:31
279,inari,68.906,27.0288,32.2,69,69,5.08,FI,2023-10-06 12:50:31
280,novomyrhorod,48.7811,31.642,52.39,39,5,8.37,UA,2023-10-06 12:53:31
281,east london,-33.0153,27.9116,68.94,94,100,6.91,ZA,2023-10-06 12:53:31
282,kununurra,-15.7667,128.7333,87.78,22,67,13.8,AU,2023-10-06 12:48:39
283,yuzhno-kurilsk,44.0306,145.8556,52.38,87,98,26.87,RU,2023-10-06 12:53:32
284,ceeldheer,3.8488,47.1806,80.42,78,31,14.05,SO,2023-10-06 12:53:32
285,aasiaat,68.7098,-52.8699,36.32,87,100,12.59,GL,2023-10-06 12:53:32
286,kapa'a,22.0752,-159.319,78.78,94,100,4.61,US,2023-10-06 12:53:32
287,vila velha,-20.3297,-40.2925,85.95,72,40,16.11,BR,2023-10-06 12:53:33
288,baotou,40.6522,109.8222,53.87,63,66,5.26,CN,2023-10-06 12:53:33
289,brisas de zicatela,15.8369,-97.0419,86.65,69,55,5.82,MX,2023-10-06 12:53:33
290,waliso,8.5333,37.9833,58.01,61,13,6.44,ET,2023-10-06 12:49:56
291,san luis de la loma,17.2706,-100.8939,87.15,68,10,5.01,MX,2023-10-06 12:53:33
292,cromwell,41.5951,-72.6454,72.0,87,100,0.0,US,2023-10-06 12:49:38
293,port saint john's,-31.6229,29.5448,70.93,92,57,9.37,ZA,2023-10-06 12:53:33
294,brigantine,39.4101,-74.3646,78.21,85,72,3.0,US,2023-10-06 12:53:34
295,constantia,44.1833,28.65,65.08,49,94,9.48,RO,2023-10-06 12:51:11
296,vadso,70.0744,29.7487,35.76,87,40,14.97,NO,2023-10-06 12:53:34
297,katsuura,35.1333,140.3,68.02,47,100,13.62,JP,2023-10-06 12:53:34
298,lensk,60.7253,114.9278,40.71,96,100,7.0,RU,2023-10-06 12:53:34
299,marang,5.2056,103.2059,76.93,87,30,6.49,MY,2023-10-06 12:53:34
300,xai-xai,-25.0519,33.6442,73.92,84,0,10.98,MZ,2023-10-06 12:53:34
301,nezhinka,51.7676,55.3694,53.91,100,48,0.0,RU,2023-10-06 12:53:35
302,springbok,-29.6643,17.8865,58.78,46,6,10.83,ZA,2023-10-06 12:53:35
303,bikenibeu village,1.3673,173.1241,78.76,94,75,3.44,KI,2023-10-06 12:53:35
304,botou,38.0667,116.5667,61.75,48,100,5.57,CN,2023-10-06 12:53:35
305,west bay,19.3667,-81.4167,90.05,76,20,8.05,KY,2023-10-06 12:53:35
306,mangalia,43.8,28.5833,66.87,57,84,6.69,RO,2023-10-06 12:53:36
307,suva,-18.1416,178.4415,69.28,68,75,0.0,FJ,2023-10-06 12:53:36
308,dudinka,69.4058,86.1778,34.63,92,100,18.99,RU,2023-10-06 12:53:36
309,kourou,5.1552,-52.6478,91.45,59,50,10.27,GF,2023-10-06 12:53:36
310,murghob,38.1702,73.9667,38.5,71,100,4.09,TJ,2023-10-06 12:53:36
311,nishifukuma,33.7667,130.4667,66.2,58,90,5.46,JP,2023-10-06 12:53:00
312,pangody,65.85,74.4859,40.98,83,99,11.52,RU,2023-10-06 12:53:37
313,barro alto,-11.7608,-41.9117,92.3,30,48,9.17,BR,2023-10-06 12:53:37
314,siguiri,11.6667,-9.5,86.72,66,90,3.18,GN,2023-10-06 12:53:37
315,lucapa,-8.4192,20.7447,83.64,33,55,4.9,AO,2023-10-06 12:53:37
316,okigwe,5.8352,7.3599,75.76,93,95,5.95,NG,2023-10-06 12:53:38
317,gereshk,31.8209,64.5701,75.58,18,0,12.55,AF,2023-10-06 12:53:38
318,horta,38.5333,-28.6333,71.24,72,20,20.71,PT,2023-10-06 12:53:38
319,auki,-8.7676,160.7034,76.62,87,100,4.27,SB,2023-10-06 12:53:38
320,leava,-14.3,-178.1667,77.41,64,96,20.83,WF,2023-10-06 12:53:38
321,pacific grove,36.6177,-121.9166,81.9,51,0,3.0,US,2023-10-06 12:53:38
322,qusmuryn,52.4503,64.6311,54.05,79,100,5.93,KZ,2023-10-06 12:53:39
323,kerikeri,-35.2268,173.9474,49.91,89,84,3.65,NZ,2023-10-06 12:53:39
324,tulagi,-9.0996,160.1476,80.87,77,100,15.5,SB,2023-10-06 12:53:39
325,walvis bay,-22.9575,14.5053,65.35,68,0,18.41,NA,2023-10-06 12:53:39
326,saudarkrokur,65.7461,-19.6394,37.54,67,57,4.63,IS,2023-10-06 12:53:39
327,carauari,-4.8828,-66.8958,104.25,28,47,3.96,BR,2023-10-06 12:53:39
328,vanimo,-2.6741,141.3028,77.86,87,84,1.25,PG,2023-10-06 12:53:40
329,tolanaro,-25.0319,46.9987,75.27,69,0,24.16,MG,2023-10-06 12:53:40
330,shurugwi,-19.6702,30.0059,76.64,14,0,4.0,ZW,2023-10-06 12:53:40
331,afaahiti,-17.75,-149.2833,75.07,78,98,23.4,PF,2023-10-06 12:49:35
332,haiku-pauwela,20.9219,-156.3051,76.05,83,0,3.44,US,2023-10-06 12:53:40
333,barrouallie,13.2333,-61.2667,85.62,79,75,5.75,VC,2023-10-06 12:53:40
334,at tall al kabir,30.5445,31.7853,77.49,58,82,12.64,EG,2023-10-06 12:53:41
335,okhotsk,59.3833,143.3,39.13,86,53,4.21,RU,2023-10-06 12:49:06
336,phayuha khiri,15.4553,100.1353,80.96,93,100,4.18,TH,2023-10-06 12:53:41
337,tura,25.5198,90.2201,71.26,98,100,3.98,IN,2023-10-06 12:53:41
338,selizharovo,56.8519,33.4487,38.32,75,10,8.3,RU,2023-10-06 12:53:41
339,yaren,-0.5472,166.916,82.8,79,82,11.52,NR,2023-10-06 12:53:41
340,nakhon pathom,13.9833,100.0833,77.9,88,100,6.02,TH,2023-10-06 12:53:41
341,mersing,2.4312,103.8405,80.51,89,20,5.75,MY,2023-10-06 12:53:42
342,goundi,9.3627,17.366,73.87,89,97,3.83,TD,2023-10-06 12:53:42
343,jayapura,-2.5333,140.7,78.19,89,87,2.89,ID,2023-10-06 12:49:19
344,saipan,15.1355,145.701,79.5,89,75,11.5,MP,2023-10-06 12:50:03
345,abaetetuba,-1.7181,-48.8825,94.42,42,83,6.71,BR,2023-10-06 12:50:41
346,ugoofaaru,5.6667,73.0,82.98,77,100,10.56,MV,2023-10-06 12:53:42
347,ondjiva,-17.0667,15.7333,88.12,12,4,4.45,AO,2023-10-06 12:53:43
348,okha,53.5739,142.9478,41.9,88,100,9.6,RU,2023-10-06 12:53:43
349,la sarre,48.8002,-79.1996,61.83,62,41,13.24,CA,2023-10-06 12:53:43
350,cockburn town,21.4612,-71.1419,83.34,73,23,2.13,TC,2023-10-06 12:53:43
351,weno,7.4515,151.8468,81.91,78,100,12.1,FM,2023-10-06 12:53:43
352,namibe,-15.1961,12.1522,66.65,86,36,8.21,AO,2023-10-06 12:53:44
353,nova vicosa,-17.8919,-39.3719,82.04,67,100,15.68,BR,2023-10-06 12:53:44
354,sicuani,-14.2694,-71.2261,67.64,33,44,6.62,PE,2023-10-06 12:53:44
355,aguilar de campoo,42.7945,-4.2589,76.6,29,0,4.25,ES,2023-10-06 12:53:44
356,tupiza,-21.45,-65.7167,80.24,2,52,26.75,BO,2023-10-06 12:53:44
357,hamilton,39.1834,-84.5333,73.99,52,40,8.05,US,2023-10-06 12:53:44
358,kencong,-8.2833,113.3667,74.41,92,33,0.69,ID,2023-10-06 12:53:44
359,alaghsas,17.0187,8.0168,100.29,19,0,2.3,NE,2023-10-06 12:53:45
360,santo andre,-23.6639,-46.5383,89.17,58,20,12.66,BR,2023-10-06 12:50:16
361,staryya darohi,53.0402,28.267,46.63,55,55,4.79,BY,2023-10-06 12:53:45
362,cidade velha,14.9167,-23.6167,88.27,66,20,11.5,CV,2023-10-06 12:53:45
363,skelleftea,64.7507,20.9528,33.01,100,100,5.75,SE,2023-10-06 12:52:10
364,urumqi,43.801,87.6005,59.95,36,0,6.71,CN,2023-10-06 12:53:45
365,usogorsk,63.4106,48.6872,40.66,91,100,5.35,RU,2023-10-06 12:53:46
366,kodiak,57.79,-152.4072,42.31,93,100,0.0,US,2023-10-06 12:53:46
367,negresti-oas,47.8667,23.4333,55.67,60,58,0.74,RO,2023-10-06 12:53:46
368,kittila,67.6647,24.8936,33.94,75,0,4.61,FI,2023-10-06 12:53:46
369,romanovka,51.7443,42.7527,53.11,73,67,9.57,RU,2023-10-06 12:53:46
370,tvoroyri,61.5556,-6.8111,45.12,59,91,22.53,FO,2023-10-06 12:53:46
371,villa huidobro,-34.8383,-64.5869,66.33,34,99,6.29,AR,2023-10-06 12:53:47
372,geraldton,-28.7667,114.6,55.81,94,0,6.91,AU,2023-10-06 12:50:26
373,turpan,42.9333,89.1667,73.33,24,1,2.46,CN,2023-10-06 12:53:47
374,thinadhoo,0.5333,72.9333,81.91,71,62,2.19,MV,2023-10-06 12:53:47
375,san vicente de canete,-13.0751,-76.3835,72.39,73,60,9.73,PE,2023-10-06 12:53:47
376,salacgriva,57.7536,24.3581,48.24,87,100,21.9,LV,2023-10-06 12:53:47
377,elorrio,43.1283,-2.5368,86.83,76,0,3.51,ES,2023-10-06 12:53:47
378,belo sur tsiribihina,-19.7,44.55,76.46,80,7,5.77,MG,2023-10-06 12:53:48
379,bam,29.106,58.357,76.01,23,0,7.78,IR,2023-10-06 12:53:48
380,brookings,44.3114,-96.7984,46.18,76,100,27.63,US,2023-10-06 12:49:43
381,mthatha,-31.5889,28.7844,66.76,88,75,8.05,ZA,2023-10-06 12:53:48
382,ghat,24.9647,10.1728,84.02,20,6,12.21,LY,2023-10-06 12:53:48
383,la foa,-21.7108,165.8276,66.83,77,27,4.41,NC,2023-10-06 12:53:48
384,zeya,53.75,127.2667,34.9,57,27,1.99,RU,2023-10-06 12:53:49
385,strezhevoy,60.7333,77.5889,49.96,87,100,1.01,RU,2023-10-06 12:53:49
386,batamshinskiy,50.5594,58.2747,51.55,83,100,8.46,KZ,2023-10-06 12:53:49
387,tazovsky,67.4667,78.7,37.17,84,53,13.53,RU,2023-10-06 12:53:49
388,kaa-khem,51.6833,94.7333,46.4,54,44,4.83,RU,2023-10-06 12:53:49
389,wegscheid,48.6014,13.7873,53.76,45,100,4.0,DE,2023-10-06 12:53:49
390,zakynthos,37.7914,20.8953,76.32,73,20,5.75,GR,2023-10-06 12:53:50
391,avarua,-21.2078,-159.775,69.85,94,100,9.22,CK,2023-10-06 12:52:17
392,labytnangi,66.6572,66.4183,42.06,90,43,7.83,RU,2023-10-06 12:53:50
393,tabas,33.5959,56.9244,73.62,20,0,4.61,IR,2023-10-06 12:53:50
394,toliara,-23.35,43.6667,79.54,42,0,12.95,MG,2023-10-06 12:53:50
395,novofedorivka,46.1713,32.3178,62.94,47,53,11.68,UA,2023-10-06 12:53:50
396,kolwezi,-10.7148,25.4667,79.56,32,78,7.38,CD,2023-10-06 12:53:51
397,portland,45.5234,-122.6762,76.05,57,0,11.99,US,2023-10-06 12:42:24
398,covington,39.0837,-84.5086,74.46,54,40,8.05,US,2023-10-06 12:53:51
399,diphu,25.8333,93.4333,72.84,100,100,2.26,IN,2023-10-06 12:53:51
400,thunder bay,48.4001,-89.3168,46.38,87,100,12.66,CA,2023-10-06 12:52:47
401,paka,4.6374,103.4368,80.53,94,20,0.0,MY,2023-10-06 12:53:52
402,dyat'kovo,53.5978,34.3382,46.78,54,20,12.03,RU,2023-10-06 12:53:52
403,amga,60.8953,131.9608,24.98,90,76,1.99,RU,2023-10-06 12:53:52
404,uray,60.1247,64.7758,50.88,59,100,5.01,RU,2023-10-06 12:53:52
405,santa fe do sul,-20.2111,-50.9258,101.8,25,33,7.61,BR,2023-10-06 12:53:52
406,codajas,-3.8367,-62.0569,105.87,25,97,1.57,BR,2023-10-06 12:53:18
407,korla,41.7597,86.1469,66.25,28,5,8.48,CN,2023-10-06 12:53:53
408,alofi,-19.0595,-169.9187,60.69,94,66,1.14,NU,2023-10-06 12:53:53
409,cidreira,-30.1811,-50.2056,64.62,92,99,10.98,BR,2023-10-06 12:49:44
410,selfoss,63.9331,-20.9971,41.04,98,100,4.47,IS,2023-10-06 12:49:36
411,vorkuta,67.5,64.0,41.59,88,99,14.34,RU,2023-10-06 12:53:53
412,gbadolite,4.2833,21.0167,76.03,92,72,1.68,CD,2023-10-06 12:53:53
413,kiunga,-6.1219,141.2906,72.23,99,98,1.5,PG,2023-10-06 12:53:53
414,mabaruma,8.2,-59.7833,88.25,60,100,5.03,GY,2023-10-06 12:53:54
415,keflavik,64.0049,-22.5624,44.51,81,75,3.44,IS,2023-10-06 12:53:54
416,khilok,51.3674,110.4676,40.84,71,100,2.89,RU,2023-10-06 12:53:54
417,konarka,19.9,86.1167,82.8,75,100,9.13,IN,2023-10-06 12:53:54
418,pobe,6.9801,2.6649,81.72,79,63,4.23,BJ,2023-10-06 12:53:54
419,reggane,26.7158,0.1714,94.3,12,45,11.01,DZ,2023-10-06 12:53:54
420,zhangye,38.9342,100.4517,57.72,42,83,4.47,CN,2023-10-06 12:53:55
421,bulawayo,-20.15,28.5833,77.97,10,0,7.29,ZW,2023-10-06 12:53:55
422,grottammare,42.9888,13.8649,72.01,72,5,4.76,IT,2023-10-06 12:53:55
423,nikolayevsk,50.0282,45.4595,59.76,48,100,8.25,RU,2023-10-06 12:53:55
424,saint-pierre,-21.3393,55.4781,73.08,56,100,13.8,RE,2023-10-06 12:53:55
425,anadyr,64.75,177.4833,19.9,93,0,8.95,RU,2023-10-06 12:49:43
426,kyshtovka,56.555,76.6271,54.34,69,90,5.99,RU,2023-10-06 12:53:55
427,aswan,24.0934,32.907,101.5,16,0,6.91,EG,2023-10-06 12:53:56
428,plast,54.3691,60.8136,50.95,90,100,9.53,RU,2023-10-06 12:53:56
429,papao,-17.75,-149.55,76.68,75,100,27.2,PF,2023-10-06 12:53:56
430,hue,16.4667,107.6,78.91,94,20,2.3,VN,2023-10-06 12:49:10
431,shangqiu,34.45,115.65,57.11,59,96,4.83,CN,2023-10-06 12:49:32
432,peterhead,57.5058,-1.7981,54.0,79,100,18.41,GB,2023-10-06 12:53:57
433,hadibu,12.65,54.0333,81.52,75,0,5.32,YE,2023-10-06 12:50:20
434,la union,-5.4,-80.75,84.6,47,98,15.41,PE,2023-10-06 12:53:57
435,mirnyy,62.5353,113.9611,39.24,100,100,15.99,RU,2023-10-06 12:53:57
436,flying fish cove,-10.4217,105.6791,74.88,94,100,10.36,CX,2023-10-06 12:53:57
437,charlottetown,46.2352,-63.1267,73.69,71,40,12.66,CA,2023-10-06 12:53:57
438,jiuquan,39.7432,98.5174,56.71,39,45,3.29,CN,2023-10-06 12:53:57
439,esqueda,30.7167,-109.5833,77.74,34,3,6.2,MX,2023-10-06 12:53:57
440,norilsk,69.3535,88.2027,34.43,96,100,22.66,RU,2023-10-06 12:53:58
441,callao,-12.0667,-77.15,68.29,77,75,5.75,PE,2023-10-06 12:53:58
442,zabaykal'sk,49.6333,117.3167,48.2,45,100,5.57,RU,2023-10-06 12:53:58
443,kasane,-17.8167,25.15,82.99,18,20,1.12,BW,2023-10-06 12:53:58
444,linqu,36.5156,118.5397,59.99,46,97,3.44,CN,2023-10-06 12:53:58
445,zhezqazghan,47.7833,67.7667,58.93,34,54,5.93,KZ,2023-10-06 12:50:39
446,xique xique,-10.8217,-42.7311,91.76,38,72,6.6,BR,2023-10-06 12:53:59
447,zeribet el oued,34.6828,6.5111,85.19,25,0,5.19,DZ,2023-10-06 12:53:59
448,puerto baquerizo moreno,-0.9,-89.6,74.39,83,100,9.22,EC,2023-10-06 12:53:59
449,northam,51.0333,-4.2167,67.39,82,16,11.01,GB,2023-10-06 12:53:59
450,sokoni,-6.4333,39.55,78.66,81,10,13.18,TZ,2023-10-06 12:53:59
451,hengchun,22.0042,120.7439,79.5,83,97,9.44,TW,2023-10-06 12:53:59
452,bahia blanca,-38.7196,-62.2724,72.12,19,0,19.57,AR,2023-10-06 12:53:59
453,orlovskiy,46.8714,42.0592,58.95,67,100,8.75,RU,2023-10-06 12:54:00
454,el calafate,-50.3408,-72.2768,42.19,52,11,12.62,AR,2023-10-06 12:54:00
455,chudovo,59.1167,31.6833,39.22,72,22,5.01,RU,2023-10-06 12:54:00
456,newman,37.3138,-121.0208,80.24,45,0,1.99,US,2023-10-06 12:54:00
457,waiuku,-37.25,174.75,54.25,88,52,3.38,NZ,2023-10-06 12:54:00
458,juigne,47.7188,-0.3941,72.36,37,0,2.3,FR,2023-10-06 12:54:00
459,vernon,50.2581,-119.2691,53.29,83,66,5.99,CA,2023-10-06 12:54:01
460,yueyang,29.3333,113.0919,58.91,85,100,13.53,CN,2023-10-06 12:54:01
461,gergebil',42.5047,47.0661,55.47,77,86,1.28,RU,2023-10-06 12:54:01
462,annau,37.8876,58.516,65.7,52,75,4.61,TM,2023-10-06 12:54:01
463,poddebice,51.8934,18.9573,59.95,56,99,14.29,PL,2023-10-06 12:54:01
464,sangueya,10.7,-14.3667,80.98,85,100,4.63,GN,2023-10-06 12:54:01
465,atar,20.5169,-13.0499,104.67,10,81,2.35,MR,2023-10-06 12:54:02
466,thisted,56.9552,8.6949,60.21,86,100,31.5,DK,2023-10-06 12:54:02
467,smila,49.2224,31.8871,51.06,41,3,7.27,UA,2023-10-06 12:54:02
468,timbuktu,16.7735,-3.0074,101.73,17,76,5.73,ML,2023-10-06 12:54:02
469,posto fiscal rolim de moura,-13.0833,-62.2667,107.47,19,91,8.95,BR,2023-10-06 12:54:02
470,holualoa,19.6228,-155.9522,73.24,84,20,7.0,US,2023-10-06 12:49:36
471,ponta delgada,37.7333,-25.6667,68.72,94,75,17.27,PT,2023-10-06 12:54:03
472,conception bay south,47.4999,-52.9981,59.04,91,99,3.65,CA,2023-10-06 12:49:59
473,minas de marcona,-15.2119,-75.1103,66.58,63,53,16.24,PE,2023-10-06 12:54:03
474,guerrero negro,27.9769,-114.0611,78.6,51,18,4.83,MX,2023-10-06 12:51:01
475,nalut,30.3333,10.85,78.01,24,0,9.69,LY,2023-10-06 12:54:04
476,natal,-5.795,-35.2094,84.85,74,75,17.27,BR,2023-10-06 12:50:25
477,pierre,44.3683,-100.351,45.86,64,100,27.63,US,2023-10-06 12:50:38
478,yeniseysk,58.4497,92.1703,53.94,76,99,5.99,RU,2023-10-06 12:54:04
479,salalah,17.0151,54.0924,80.69,83,0,5.75,OM,2023-10-06 12:54:05
480,crane,31.3974,-102.3501,73.67,48,41,7.96,US,2023-10-06 12:54:05
481,turaif,31.6725,38.6637,82.65,24,40,6.91,SA,2023-10-06 12:54:05
482,port augusta,-32.5,137.7667,52.27,50,2,5.95,AU,2023-10-06 12:54:05
483,buerarema,-14.9594,-39.2997,82.99,43,82,9.53,BR,2023-10-06 12:54:05
484,kingston,17.997,-76.7936,91.24,72,20,8.05,JM,2023-10-06 12:50:21
485,ulsteinvik,62.3432,5.8487,47.32,87,100,20.0,NO,2023-10-06 12:54:06
486,port alfred,-33.5906,26.891,65.17,100,99,1.99,ZA,2023-10-06 12:49:11
487,manali,13.1667,80.2667,84.29,86,94,7.61,IN,2023-10-06 12:54:06
488,tevriz,57.509,72.4042,51.37,77,96,4.56,RU,2023-10-06 12:54:06
489,kolobrzeg,54.1757,15.5834,61.16,85,100,27.54,PL,2023-10-06 12:52:12
490,chesma,53.8111,60.6533,50.56,90,100,9.84,RU,2023-10-06 12:54:07
491,nili,33.7218,66.1302,61.68,27,0,3.62,AF,2023-10-06 12:54:07
492,rosetta,31.4044,30.4164,75.58,66,51,12.44,EG,2023-10-06 12:54:07
493,aykhal,66.0,111.5,28.08,88,100,7.0,RU,2023-10-06 12:54:07
494,adigrat,14.277,39.462,61.45,54,0,4.32,ET,2023-10-06 12:54:08
495,karratha,-20.7377,116.8463,81.23,24,0,10.0,AU,2023-10-06 12:49:55
496,chilecito,-29.1619,-67.4974,80.1,7,0,13.47,AR,2023-10-06 12:54:08
497,mermoz boabab,14.7065,-17.4758,91.96,70,0,2.3,SN,2023-10-06 12:54:08
498,barcelona,41.3888,2.159,81.14,77,20,9.22,ES,2023-10-06 12:53:48
499,antofagasta,-23.65,-70.4,63.68,66,21,9.31,CL,2023-10-06 12:54:08
500,mont-dore,-22.2833,166.5833,66.18,82,18,6.38,NC,2023-10-06 12:54:09
501,changji,44.0167,87.3167,63.39,36,0,6.71,CN,2023-10-06 12:54:09
502,susuman,62.7833,148.1667,29.98,82,100,5.01,RU,2023-10-06 12:54:09
503,shagonar,51.5333,92.8,48.13,54,66,0.92,RU,2023-10-06 12:54:09
504,ringkobing,56.0901,8.244,62.02,82,100,32.95,DK,2023-10-06 12:54:09
505,chililabombwe,-12.3648,27.8229,80.13,28,57,3.38,ZM,2023-10-06 12:54:10
506,revelstoke,50.9832,-118.2023,44.62,100,40,2.3,CA,2023-10-06 12:54:10
507,iquique,-20.2208,-70.1431,69.84,68,5,8.08,CL,2023-10-06 12:54:10
508,cam pha mines,21.0167,107.3,77.45,84,86,8.48,VN,2023-10-06 12:54:10
509,oak hill,37.9723,-81.1487,70.75,79,86,6.29,US,2023-10-06 12:54:10
510,masallatah,32.6167,14.0,72.97,69,5,13.15,LY,2023-10-06 12:54:11
511,soe,-9.8607,124.284,65.43,88,12,5.23,ID,2023-10-06 12:54:11
512,chengde,40.9725,117.9361,53.78,43,100,1.14,CN,2023-10-06 12:54:11
513,ust'-ordynskiy,52.805,104.7508,46.33,68,100,5.08,RU,2023-10-06 12:54:11
514,copiapo,-27.3667,-70.3333,60.49,37,19,8.63,CL,2023-10-06 12:54:11
515,taroa,8.7058,171.2275,83.1,77,100,17.4,MH,2023-10-06 12:54:12
516,balabac,7.9868,117.0645,81.46,79,92,2.82,PH,2023-10-06 12:54:12
517,bardsir,29.9227,56.5743,65.3,35,0,3.33,IR,2023-10-06 12:54:12
518,qiqihar,47.3408,123.9672,44.98,57,2,6.6,CN,2023-10-06 12:54:12
519,yangjiang,21.85,111.9667,78.28,75,100,4.27,CN,2023-10-06 12:54:12
520,karasburg,-28.0167,18.75,74.44,23,9,17.38,NA,2023-10-06 12:54:13
521,sungai raya,0.7,108.9,78.82,90,92,5.82,ID,2023-10-06 12:54:13
522,barra de santo antonio,-9.4047,-35.5072,85.28,69,52,10.85,BR,2023-10-06 12:54:13
523,dakhla,23.6848,-15.958,91.42,29,0,17.27,EH,2023-10-06 12:54:13
524,cam ranh,11.9214,109.1591,78.76,89,20,2.3,VN,2023-10-06 12:54:13
525,sao vicente,-23.9631,-46.3919,96.98,54,100,4.61,BR,2023-10-06 12:54:14
526,wanning,18.8003,110.3967,78.76,87,86,3.69,CN,2023-10-06 12:54:14
527,ciudad melchor muzquiz,27.8833,-101.5167,77.29,60,98,6.93,MX,2023-10-06 12:54:14
528,maslyanino,54.3436,84.2111,46.67,71,57,1.45,RU,2023-10-06 12:54:14
529,cabedelo,-6.9811,-34.8339,83.07,73,100,16.8,BR,2023-10-06 12:54:14
530,la ronge,55.1001,-105.2842,35.85,75,75,10.36,CA,2023-10-06 12:54:14
531,micheweni,-4.9667,39.8333,77.81,78,35,7.83,TZ,2023-10-06 12:54:15
532,nchelenge,-9.3451,28.734,82.87,44,47,2.75,ZM,2023-10-06 12:54:15
533,parauapebas,-6.0675,-49.9022,84.18,78,75,0.0,BR,2023-10-06 12:54:15
534,kavaratti,10.5669,72.642,81.99,64,9,7.38,IN,2023-10-06 12:54:15
535,haymana,39.4321,32.4973,61.07,34,71,4.25,TR,2023-10-06 12:54:16
536,tangalle,6.024,80.7911,76.87,92,97,8.79,LK,2023-10-06 12:54:16
537,ambon,-3.6954,128.1814,81.88,95,40,4.61,ID,2023-10-06 12:54:16
